{
    "plddt": {
        "model_1": 93.02799859853381,
        "model_2": 93.01805001189996,
        "model_3": 91.03287596568205,
        "model_4": 92.49880375614332,
        "model_5": 87.67651112248367,
        "model_1_ptm": 90.69550783929513,
        "model_2_ptm": 90.56562850286349,
        "model_5_ptm": 91.42044693313652
    },
    "order": [
        "model_1",
        "model_2",
        "model_4",
        "model_5_ptm",
        "model_3",
        "model_1_ptm",
        "model_2_ptm",
        "model_5"
    ]
}