{
    "iptm+ptm": {
        "model_1_multimer": 0.4764950062328847,
        "model_2_multimer": 0.4660494199243996,
        "model_3_multimer": 0.46289295987932055,
        "model_4_multimer": 0.47486221491607605,
        "model_5_multimer": 0.4644740444187093
    },
    "order": [
        "model_1_multimer",
        "model_4_multimer",
        "model_2_multimer",
        "model_5_multimer",
        "model_3_multimer"
    ]
}